run_id,dimension_name,dimension_value,member_count,avg_score,min_score,max_score,p50,p90,p99,avg_hcc_score,avg_rxc_score,avg_demographic_score
f5b70deb-3115-40e8-8418-17ae26b4df23,enrollment_months,8,724,14.216255060870468,0.0,87.75466918945312,10.790499687194824,33.358299255371094,57.79045104980469,13.160223763641897,0.8132127037076331,0.24281860017397786
f5b70deb-3115-40e8-8418-17ae26b4df23,hcc_count_band,0,769,1.0015856108067482,0.0,23.628000259399414,0.2460000067949295,1.0088000297546387,15.530679702758789,0.0,0.7582093632073954,0.24337624605885563
f5b70deb-3115-40e8-8418-17ae26b4df23,enrollment_months,10,696,15.646250497073407,0.0,88.11466979980469,11.804500579833984,36.345664978027344,61.96176528930664,14.539759103952768,0.8628850465255051,0.24360632219341125
f5b70deb-3115-40e8-8418-17ae26b4df23,age_band,50-59,916,15.108624447755288,0.15700000524520874,88.3489990234375,12.249500274658203,32.34950256347656,55.80889892578125,13.605196501587937,1.1885021837940644,0.31492576805069455
f5b70deb-3115-40e8-8418-17ae26b4df23,age_band,65+,2343,15.572196756259427,0.1899999976158142,85.18499755859375,12.864999771118164,32.950199127197266,55.227081298828125,14.016357667890437,1.2181877921336592,0.3376513003565234
f5b70deb-3115-40e8-8418-17ae26b4df23,model,Infant,244,0.0,0.0,0.0,0.0,0.0,0.0,0.0,0.0,0.0
f5b70deb-3115-40e8-8418-17ae26b4df23,enrollment_months,1,701,21.25740890535453,0.0,92.47200012207031,18.981000900268555,41.180999755859375,68.19666290283203,20.116929628475756,0.8969985719520424,0.24348074139312398
f5b70deb-3115-40e8-8418-17ae26b4df23,metal_level,Bronze,2121,15.09332202237059,0.0,126.50499725341797,11.79800033569336,34.06999969482422,60.64179992675781,14.133809348473475,0.8191079621548812,0.14040468283654495
f5b70deb-3115-40e8-8418-17ae26b4df23,hcc_count_band,1,1552,7.223046389907675,0.0,50.32666778564453,4.5904998779296875,17.607999801635742,34.16830062866211,6.247949308338911,0.729874357302702,0.2452227230226986
f5b70deb-3115-40e8-8418-17ae26b4df23,enrollment_months,7,702,14.925500509193819,0.0,82.94233703613281,11.609167098999023,34.11316680908203,56.80693817138672,13.90552897604867,0.775561255628397,0.24441025625288146
f5b70deb-3115-40e8-8418-17ae26b4df23,enrollment_months,6,680,15.035890180929838,0.0,72.57466888427734,11.6899995803833,34.78739929199219,60.47539520263672,13.642434790703085,1.1422499975627836,0.25120539200108716
f5b70deb-3115-40e8-8418-17ae26b4df23,enrollment_months,9,728,13.757676288772087,0.0,79.45600128173828,10.528666496276855,31.61479949951172,59.7446403503418,12.612720690439916,0.9097788474716983,0.23517673956946686
f5b70deb-3115-40e8-8418-17ae26b4df23,enrollment_months,5,655,15.151685515614867,0.0,84.6806640625,12.449000358581543,34.62940216064453,58.79405975341797,13.71153894683332,1.193093130845605,0.2470534346485866
f5b70deb-3115-40e8-8418-17ae26b4df23,age_band,30-39,916,15.363494558097168,0.06199999898672104,74.13999938964844,12.60949993133545,33.81449890136719,53.9505500793457,13.993453070326144,1.1719137556671966,0.1981277291024486
f5b70deb-3115-40e8-8418-17ae26b4df23,age_band,60-64,491,15.175555991300984,0.1899999976158142,87.25700378417969,11.788000106811523,33.801998138427734,62.63370132446289,13.631692468027476,1.1964419487476834,0.34742158657421646
f5b70deb-3115-40e8-8418-17ae26b4df23,has_rxc,Yes,1196,21.695459863688036,0.2150000035762787,88.3489990234375,19.552501678466797,40.375999450683594,65.75304412841797,14.981617026068395,6.432392127880434,0.2814506686706856
f5b70deb-3115-40e8-8418-17ae26b4df23,metal_level,Silver,2033,15.032196253127672,0.0,82.55733489990234,11.581999778747559,34.227867126464844,62.2092399597168,13.958209547467542,0.8792572511617502,0.19472946543787067
f5b70deb-3115-40e8-8418-17ae26b4df23,metal_level,Gold,2077,15.831055866707732,0.0,88.47699737548828,12.862000465393066,34.75699996948242,61.887306213378906,14.622557045941205,0.941470390918396,0.26702840647045445
f5b70deb-3115-40e8-8418-17ae26b4df23,age_band,0-17,1679,15.481933095446383,0.0,126.50499725341797,11.00333309173584,40.87746810913086,72.62086486816406,15.358198524271362,0.0,0.12373456435234792
f5b70deb-3115-40e8-8418-17ae26b4df23,gender,F,4118,15.564386116425792,0.0,126.50499725341797,12.254499435424805,34.95289993286133,60.79279708862305,14.39701894069504,0.901140599094979,0.26622656559831254
f5b70deb-3115-40e8-8418-17ae26b4df23,enrollment_months,11,670,13.771459206060243,0.0,82.55733489990234,10.48699951171875,32.85219955444336,54.7629280090332,12.804302961612816,0.7284970129714973,0.23865920415342742
f5b70deb-3115-40e8-8418-17ae26b4df23,enrollment_months,12,687,14.05583548051301,0.0,78.34233093261719,10.819000244140625,32.75499725341797,55.521854400634766,12.749155743066574,1.0579868991692514,0.24869286696788526
f5b70deb-3115-40e8-8418-17ae26b4df23,metal_level,Platinum,2097,16.326906996784917,0.0,92.47200012207031,13.133000373840332,36.043601989746094,61.418601989746094,14.896573688374795,1.0552451138126606,0.3750882194576004
f5b70deb-3115-40e8-8418-17ae26b4df23,age_band,40-49,916,15.813788216935235,0.08299999684095383,83.16899871826172,13.036999702453613,33.470497131347656,52.979400634765625,14.274245597682405,1.282442133239263,0.25710043516091385
f5b70deb-3115-40e8-8418-17ae26b4df23,hcc_count_band,3+,4074,23.03653747724094,0.0,126.50499725341797,20.897167205810547,42.64179992675781,70.04134368896484,21.754462115865277,1.0394094230906163,0.24266593002613174
f5b70deb-3115-40e8-8418-17ae26b4df23,enrollment_months,4,696,16.10888360028059,0.0,126.50499725341797,12.369499206542969,35.74549865722656,62.83948516845703,14.941249010800759,0.9128362002043888,0.2547983712431086
f5b70deb-3115-40e8-8418-17ae26b4df23,enrollment_months,3,676,15.615208591648637,0.0,88.3489990234375,12.826000213623047,32.58000183105469,72.54741668701172,14.497374261712887,0.8860443829498171,0.2317899410563284
f5b70deb-3115-40e8-8418-17ae26b4df23,age_band,18-29,1067,16.272826920800266,0.04899999871850014,88.47699737548828,12.574999809265137,38.01213455200195,68.50263977050781,15.265736955749578,0.857184626567051,0.14990534272041406
f5b70deb-3115-40e8-8418-17ae26b4df23,model,Child,1682,18.22297799830656,0.036666665226221085,126.50499725341797,13.687333106994629,45.285133361816406,77.04462432861328,18.0732958660595,0.0,0.14968212443214535
f5b70deb-3115-40e8-8418-17ae26b4df23,has_rxc,No,7132,14.54630510410763,0.0,126.50499725341797,11.21500015258789,33.552833557128906,60.74059295654297,14.30818868254035,0.0,0.23811642347771803
f5b70deb-3115-40e8-8418-17ae26b4df23,gender,M,4210,15.58144322375893,0.0,92.47200012207031,12.329999923706055,34.66109848022461,62.26591873168945,14.412610843057816,0.9459011871429633,0.22293119592384175
f5b70deb-3115-40e8-8418-17ae26b4df23,enrollment_months,2,713,17.272462382071442,0.0,75.68900299072266,14.385333061218262,36.23699951171875,64.65423583984375,16.09513418286579,0.9268050463491369,0.250523141659744
f5b70deb-3115-40e8-8418-17ae26b4df23,hcc_count_band,2,1933,12.34390945956535,0.0,63.62300109863281,10.673999786376953,25.289932250976562,47.87603759765625,11.194785132166817,0.9015825103122338,0.24754181774251213
f5b70deb-3115-40e8-8418-17ae26b4df23,model,Adult,6402,15.470316933195075,0.04899999871850014,88.3489990234375,12.704000473022461,33.34300231933594,55.4380989074707,13.990117463346376,1.2016777545993438,0.27852171175856866
